{"cameraMode":{"drawMode":0,"name":"Shaded","section":"Shading Mode"},"sceneLighting":true,"audioPlay":false,"sceneViewState":{"m_AlwaysRefresh":false,"showFog":true,"showSkybox":true,"showFlares":true,"showImageEffects":true,"showParticleSystems":true,"showVisualEffectGraphs":true,"m_FxEnabled":true},"in2DMode":false,"pivot":{"x":2.81282377243042,"y":15.69624137878418,"z":-22.73470687866211},"rotation":{"x":0.23218992352485658,"y":0.0058844187296926979,"z":-0.0011051304172724486,"w":0.9727575778961182},"size":4.737891674041748,"orthographic":false}