{"cameraMode":{"drawMode":0,"name":"Shaded","section":"Shading Mode"},"sceneLighting":true,"audioPlay":false,"sceneViewState":{"m_AlwaysRefresh":false,"showFog":true,"showSkybox":true,"showFlares":true,"showImageEffects":true,"showParticleSystems":true,"showVisualEffectGraphs":true,"m_FxEnabled":true},"in2DMode":false,"pivot":{"x":23.732982635498048,"y":-44.963504791259769,"z":112.46171569824219},"rotation":{"x":0.22356392443180085,"y":0.09223969280719757,"z":-0.021247997879981996,"w":0.9700961112976074},"size":56.484561920166019,"orthographic":false}