{"cameraMode":{"drawMode":0,"name":"Shaded","section":"Shading Mode"},"sceneLighting":true,"audioPlay":false,"sceneViewState":{"m_AlwaysRefresh":false,"showFog":true,"showSkybox":true,"showFlares":true,"showImageEffects":true,"showParticleSystems":true,"showVisualEffectGraphs":true,"m_FxEnabled":true},"in2DMode":false,"pivot":{"x":1.4915399551391602,"y":14.335113525390625,"z":-26.300220489501954},"rotation":{"x":0.27100473642349245,"y":0.02049758844077587,"z":-0.0057727377861738209,"w":0.962344229221344},"size":7.506319999694824,"orthographic":false}