{"cameraMode":{"drawMode":0,"name":"Shaded","section":"Shading Mode"},"sceneLighting":false,"audioPlay":false,"sceneViewState":{"m_AlwaysRefresh":false,"showFog":true,"showSkybox":false,"showFlares":true,"showImageEffects":true,"showParticleSystems":true,"showVisualEffectGraphs":true,"m_FxEnabled":true},"in2DMode":false,"pivot":{"x":18.81437110900879,"y":0.30585139989852908,"z":10.49864387512207},"rotation":{"x":0.20561064779758454,"y":-0.04546644911170006,"z":0.009800049476325512,"w":0.9776217937469482},"size":1.5460129976272584,"orthographic":false}